67f323b32d13793ae4e7a1c6,"{my_store={review_count=60, average_rating=0.0, sentiment_distribution={positive=32, neutral=26, negative=2}, positive_rate=53.333333333333336, sample_reviews={positive=[{text=최근에 처음 방문하고 너무 너무 맛있어서, 자주 방문하게 되었네요~!! 재료 신선하고, 음식 맛있고, 정말 매력적인 식당입니다!!!, rating=0, date=알 수 없음, sentiment=positive, keywords=[최근, 처음, 방문, 자주, 재료], sentiment_score=5.0, matched_sentiment_words=[신선하고, 매력, 정말, 맛있고, 맛있어서]}, {text=맛있다는 리뷰 보고 방문 했어요 리뷰대로 피자가 화덕에서 바로 구워져서 쫄깃쫄깃하고 너무 맛있네여 크림파스타도 하나도 안 느끼해요! 수지맛집 입니다, rating=0, date=알 수 없음, sentiment=positive, keywords=[리뷰, 보고, 방문, 피자, 화덕], sentiment_score=2.0, matched_sentiment_words=[쫄깃쫄깃, 느끼해요, 맛있다는, 맛있네여]}, {text=도심속에 화덕피자가게를 우연히 만났습니다.피자 맛있구요 파스타 토마토9900원입니다.진한 느낌아닌 가벼운 소스 느낌입니다.샐러드도 맛있었고 무엇보다 야채들이 신선해서좋았습니다.화덕임에도 피자가 금방나와서 더 만족스러웠습니다. 담에 또 들르겠습니다!더보기, rating=0, date=알 수 없음, sentiment=positive, keywords=[도심, 화덕, 피자, 가게, 파스타], sentiment_score=5.0, matched_sentiment_words=[신선해서, 만족스러웠습니다, 맛있구요, 맛있었고, 좋았습니다]}, {text=점심시간에 동료들과 왔는데 ,가성비있는 가격에 음식은 깔끔하고 먹기 적당했습니다.피자도우가 화덕에 구워서 쫀득했고,치즈는 많지 않았어도 담백하게 신선한 야채랑 잘 먹었습니다.전화로 예약하면 자리도 마련해 주시구요. 해물뚝배기 스파게티는 국물이 시원해서 양식 않좋아하시는 분들도 잘 드실것 같았습니다.근처 점심시간이 전쟁같은데 , 조용하고 좋았습니다, rating=0, date=알 수 없음, sentiment=positive, keywords=[점심시간, 동료, 가성, 가격, 음식], sentiment_score=3.0, matched_sentiment_words=[깔끔하고, 적당했습니다, 신선한, 좋아하시는, 좋았습니다]}, {text=화덕피자 가격도 좋고 맛있어요.사장님도 친절하십니다., rating=0, date=알 수 없음, sentiment=positive, keywords=[화덕, 피자, 가격, 사장], sentiment_score=3.0, matched_sentiment_words=[좋고, 맛있어요, 친절하십니다]}], negative=[{text=고르곤졸라, 뚝배기해산물파스타, 해산물리조또 주문. 음식은 참으로 대단할 거 없는 맛입니다. 그냥 뻔한 음식을 비싸지 않은 가격으로 먹을 수 있습니다. 모처럼의 주말에 좀 더 비싸도 맛있는 걸 먹고싶은데 6세 여자 아이가 꼭 여기를 가자 합니다. 고르곤졸라 먹으러. 처음 맛본 피자가 뇌리에 박혀서인지 다른 곳도 가보자 해도 안 간답니다. 용인시공영주차장이 공사중이라 차 세우기 힘들었고 이걸 핑계로 당분간 다른 곳으로 가볼까 합니다. 더보기, rating=0, date=알 수 없음, sentiment=negative, keywords=[고르곤졸라, 뚝배기, 해산물, 파스타, 리조또], sentiment_score=-2.0, matched_sentiment_words=[그냥, 비싸지, 맛있는, 비싸도]}, {text=맛은 있는데 고기는 다진고기라 그냥 그랬어요, rating=0, date=알 수 없음, sentiment=negative, keywords=[고기, 그냥], sentiment_score=-1.0, matched_sentiment_words=[그냥]}]}}, competitor={name=마구로젠, review_count=60, average_rating=3.2, sentiment_distribution={positive=35, neutral=22, negative=3}, positive_rate=58.333333333333336, sample_reviews={positive=[{text=비지니스 미팅으로 자주 애용하는 곳입니다.지금까지 이 식당에서 5번 이상 미팅하였는데 모두 만족도가 굉장히 높았습니다 ㅎㅎ 참치 냉동 상태도 좋고 코스도 정말 좋습니다 ! 강추 드려요~~, rating=0, date=알 수 없음, sentiment=positive, keywords=[비지니스, 미팅, 자주, 애용, 지금], sentiment_score=4.0, matched_sentiment_words=[정말, 좋습니다, 만족도, 좋고]}, {text=초밥 먹고싶어서 남편과 방문한 곳입니다 :) 주문은 11시 40분부터 가능한데 그전부터 손님들 많이 오시더라구요 11시 40분에 맞춰가면 웨이팅 할 수도 있어요. 29000원짜리 코스 먹었는데 구성 좋고 양 많아서 남편과 몸보신했네요 👍 임산부라고 더 신경써주신 것 같아 감사했어요 다음에 또 갈게요~~, rating=0, date=알 수 없음, sentiment=positive, keywords=[초밥, 남편, 방문, 주문, 손님], sentiment_score=2.0, matched_sentiment_words=[감사했어요, 좋고]}, {text=역삼역 참치 역삼 참치 마구로젠~!!해동 상태도 좋은데다 퀄리티 좋고 맛있는곳 ^^뱃살부위도 두툼히 아낌없이 내주시는데다 부족하면 얼마든지 더 내어주신다.곁 사이드로 나오는 음식들도 다른집에서는 안나오는 유니크한 종류들이 많다는거~더보기, rating=0, date=알 수 없음, sentiment=positive, keywords=[역삼역, 참치, 역삼, 마구로, 해동], sentiment_score=2.0, matched_sentiment_words=[좋고, 맛있는, 부족하면, 좋은데다]}, {text=강남참치맛집역삼역 참치 맛집참치 퀄리티 엄청 좋고 해동도 끝내주게 잘 되어 너무 맛있다다른 요리들도 다양하고 맛있어서 굳더보기, rating=0, date=알 수 없음, sentiment=positive, keywords=[강남, 참치, 맛집, 역삼역, 퀄리티], sentiment_score=5.0, matched_sentiment_words=[맛있어서, 다양하고, 굳, 맛있다, 좋고]}, {text=여기 강남 참치 찐 맛집이에요. 맛있고 친절합니다.개별룸이 있어서 모임하기도 너무 좋을 듯 합니다.다음엔 모임으로 방문 할게요!더보기, rating=0, date=알 수 없음, sentiment=positive, keywords=[강남, 참치, 맛집, 개별룸, 모임], sentiment_score=3.0, matched_sentiment_words=[친절합니다, 좋을, 맛있고]}], negative=[{text=멀리서 온 친구들 모임이 있어서 예약 후 방문했습니다.맛집이고 유명한 집이라고해서 예약했는데, 결론부터 말하자면 서빙해주시는 이모님이 너무 불친절하셔서 아쉬웠습니다..스끼다시 요청하면 대답도 안하시고 짜증섞인 표정으로 주시고, 천천히 먹는 편이라 아직 다 먹지도 않은 마죽이 있었는데 묻지도 않고 휙 가져가시고.... 아직 먹는거라해도 대답 안하시고...친구들은 제가 민망할까봐 괜찮다고들 했는데 여러 모로 아쉬웠습니다.불친절한 가게는 이제 안갈 것 같네요ㅠ더보기, rating=0, date=알 수 없음, sentiment=negative, keywords=[멀리, 친구, 모임, 예약, 방문], sentiment_score=-2.0, matched_sentiment_words=[불친절하셔서, 불친절한, 짜증]}, {text=사실 여기...그냥그래요ㅠ 맛집은 절대아님급하게 회식예약한다고 갔어요, rating=0, date=알 수 없음, sentiment=negative, keywords=[사실, 그냥, 맛집, 절대, 회식], sentiment_score=-1.0, matched_sentiment_words=[그냥]}, {text=서빙하는 여자분 너무 불친절합니다. 말을 다 뚝뚝 잡아끊고 룸테이블 안쪽자리 뜨거운 알밥 그냥 손님보고 받으라고 ; 서비스마인드가 너무 부족해보여요, rating=0, date=알 수 없음, sentiment=negative, keywords=[서빙, 여자, 뚝뚝, 테이블, 안쪽], sentiment_score=-2.0, matched_sentiment_words=[부족, 불친절합니다, 그냥]}]}}, word_cloud_comparison={my_store={positive_words={피자=33, 화덕=17, 파스타=13, 보기=9, 도우=9, 가성=8, 가격=8, 음식=5, 마르=5, 게리=5, 메뉴=5, 방문=4, 수지=4, 치즈=4, 주문=4, 번창=4, 포장=4, 맛집=3, 느낌=3, 샐러드=3, 예약=3, 세트=3, 다른=3, 이용=3, 최근=2, 처음=2, 자주=2, 리뷰=2, 토마토=2, 야채=2, 점심시간=2, 먹기=2, 전화=2, 근처=2, 사장=2, 최고=2, 도서관=2, 고르곤졸라=2, 추가=2, 물리=2, 오늘=2, 만족=2, 매장=2, 친구=2, 식사=2, 구성=2, 쫀득=2, 조각=2, 음료=2, 다음=2}, negative_words={고르곤졸라=2, 해산물=2, 음식=2, 그냥=2, 다른=2, 고기=2, 뚝배기=1, 파스타=1, 리조또=1, 주문=1, 참으로=1, 가격=1, 모처럼=1, 주말=1, 여자=1, 아이=1, 처음=1, 피자=1, 뇌리=1, 인지=1, 곳도=1, 해도=1, 용인시=1, 주차=1, 공사=1, 핑계=1, 당분간=1, 보기=1}}, competitor={positive_words={참치=28, 음식=11, 보기=9, 퀄리티=8, 다음=7, 마구로=7, 코스=6, 구성=6, 부위=6, 맛집=6, 추천=6, 예약=6, 역삼=5, 강남=5, 알밥=5, 기분=5, 회식=5, 방문=4, 모임=4, 사장=4, 가성=4, 나물=4, 미팅=3, 강추=3, 주문=3, 역삼역=3, 해동=3, 뱃살=3, 다른=3, 메뉴=3, 계속=3, 양도=3, 튀김=3, 참치회=3, 설명=3, 식사=3, 하나=3, 자주=2, 식당=2, 모두=2, 상태=2, 남편=2, 수도=2, 임산부=2, 사이드=2, 종류=2, 요리=2, 점심=2, 모시=2, 전문점=2}, negative_words={예약=3, 친구=2, 맛집=2, 서빙=2, 대답=2, 그냥=2, 멀리=1, 모임=1, 방문=1, 결론=1, 이모=1, 스끼=1, 요청=1, 짜증=1, 표정=1, 주시=1, 편이=1, 해도=1, 여러=1, 모로=1, 가게=1, 이제=1, 보기=1, 사실=1, 절대=1, 회식=1, 여자=1, 뚝뚝=1, 테이블=1, 안쪽=1, 알밥=1, 손님=1, 보고=1, 서비스=1, 마인드=1, 부족=1}}}}","당신의 매장과 경쟁사(마구로젠)는 비슷한 수의 리뷰와 긍정 리뷰 비율을 가지고 있지만, 중요한 차이점이 있습니다. 당신의 매장은 피자, 화덕, 파스타 등이 긍정적으로 언급되어 이탈리안 음식점으로 보이며, 가성비가 강점으로 부각됩니다. 반면 경쟁사는 참치, 마구로, 코스 요리가 강점인 일식당으로, 음식 퀄리티가 좋다는 평가를 받고 있습니다. 개선 가능성으로는 고르곤졸라, 해산물 파스타, 리조또 등 부정적으로 언급된 메뉴의 품질을 향상시키고, 경쟁사와 달리 서비스 관련 부정 키워드가 적은 점을 마케팅에 활용할 수 있습니다. 또한 화덕 피자와 같은 인기 메뉴를 전면에 내세워 차별화 전략을 강화하면 매출 증대에 도움이 될 것입니다.",마구로젠,20290038,2025-04-07T01:00:35.366Z,67f2517d5c238ede71aa827f,10
67f35431045c034df21e52c8,"{my_store={review_count=60, average_rating=0.0, sentiment_distribution={positive=32, neutral=26, negative=2}, positive_rate=53.333333333333336, sample_reviews={positive=[{text=최근에 처음 방문하고 너무 너무 맛있어서, 자주 방문하게 되었네요~!! 재료 신선하고, 음식 맛있고, 정말 매력적인 식당입니다!!!, rating=0, date=알 수 없음, sentiment=positive, keywords=[최근, 처음, 방문, 자주, 재료], sentiment_score=5.0, matched_sentiment_words=[신선하고, 매력, 정말, 맛있고, 맛있어서]}, {text=맛있다는 리뷰 보고 방문 했어요 리뷰대로 피자가 화덕에서 바로 구워져서 쫄깃쫄깃하고 너무 맛있네여 크림파스타도 하나도 안 느끼해요! 수지맛집 입니다, rating=0, date=알 수 없음, sentiment=positive, keywords=[리뷰, 보고, 방문, 피자, 화덕], sentiment_score=2.0, matched_sentiment_words=[쫄깃쫄깃, 느끼해요, 맛있다는, 맛있네여]}, {text=도심속에 화덕피자가게를 우연히 만났습니다.피자 맛있구요 파스타 토마토9900원입니다.진한 느낌아닌 가벼운 소스 느낌입니다.샐러드도 맛있었고 무엇보다 야채들이 신선해서좋았습니다.화덕임에도 피자가 금방나와서 더 만족스러웠습니다. 담에 또 들르겠습니다!더보기, rating=0, date=알 수 없음, sentiment=positive, keywords=[도심, 화덕, 피자, 가게, 파스타], sentiment_score=5.0, matched_sentiment_words=[신선해서, 만족스러웠습니다, 맛있구요, 맛있었고, 좋았습니다]}, {text=점심시간에 동료들과 왔는데 ,가성비있는 가격에 음식은 깔끔하고 먹기 적당했습니다.피자도우가 화덕에 구워서 쫀득했고,치즈는 많지 않았어도 담백하게 신선한 야채랑 잘 먹었습니다.전화로 예약하면 자리도 마련해 주시구요. 해물뚝배기 스파게티는 국물이 시원해서 양식 않좋아하시는 분들도 잘 드실것 같았습니다.근처 점심시간이 전쟁같은데 , 조용하고 좋았습니다, rating=0, date=알 수 없음, sentiment=positive, keywords=[점심시간, 동료, 가성, 가격, 음식], sentiment_score=3.0, matched_sentiment_words=[깔끔하고, 적당했습니다, 신선한, 좋아하시는, 좋았습니다]}, {text=화덕피자 가격도 좋고 맛있어요.사장님도 친절하십니다., rating=0, date=알 수 없음, sentiment=positive, keywords=[화덕, 피자, 가격, 사장], sentiment_score=3.0, matched_sentiment_words=[좋고, 맛있어요, 친절하십니다]}], negative=[{text=고르곤졸라, 뚝배기해산물파스타, 해산물리조또 주문. 음식은 참으로 대단할 거 없는 맛입니다. 그냥 뻔한 음식을 비싸지 않은 가격으로 먹을 수 있습니다. 모처럼의 주말에 좀 더 비싸도 맛있는 걸 먹고싶은데 6세 여자 아이가 꼭 여기를 가자 합니다. 고르곤졸라 먹으러. 처음 맛본 피자가 뇌리에 박혀서인지 다른 곳도 가보자 해도 안 간답니다. 용인시공영주차장이 공사중이라 차 세우기 힘들었고 이걸 핑계로 당분간 다른 곳으로 가볼까 합니다. 더보기, rating=0, date=알 수 없음, sentiment=negative, keywords=[고르곤졸라, 뚝배기, 해산물, 파스타, 리조또], sentiment_score=-2.0, matched_sentiment_words=[그냥, 비싸지, 맛있는, 비싸도]}, {text=맛은 있는데 고기는 다진고기라 그냥 그랬어요, rating=0, date=알 수 없음, sentiment=negative, keywords=[고기, 그냥], sentiment_score=-1.0, matched_sentiment_words=[그냥]}]}}, competitor={name=주기율, review_count=60, average_rating=3.0, sentiment_distribution={positive=29, neutral=29, negative=2}, positive_rate=48.333333333333336, sample_reviews={positive=[{text=인테리어가 예쁘고 넓은 편이라 좋았어요 분위기 굿! 오렌지커피는 처음 마셔보는데 상콤하니 맛있었습니다!! 바나나푸딩은 푸딩이라기보단 떠먹는 케익 느낌이었는데 양이 많아서 둘이서 먹는 거 추천드려요 바나나 많아서 맛있오용 그리고 여자 직원분 너무너무 친절하셨습니다. 제가 실수로 커피를 쏟았는데 연신 괜찮다고 하시고 새 커피를 뽑아주셨던.. 넘 죄송하고 감사했어요ㅠㅠ!! 근처 갈 일 있으면 다음에도 또 가려구요!!더보기, rating=0, date=알 수 없음, sentiment=positive, keywords=[인테리어, 편이, 분위기, 오렌지, 커피], sentiment_score=7.0, matched_sentiment_words=[추천, 맛있었습니다, 감사했어요, 굿, 좋았어요, 맛있오용, 친절하셨습니다]}, {text=주기율 카페 원두는 산미와 고소 고를 수 있어서 취향껏 고르면 되고 이번에 라떼랑 뱅쇼 시켰는데 여러분 뱅쇼 드세요. 뱅쇼가 진짜 맛있네요!!! 아마 겨울 한정으로 판매할텐데 뱅쇼 먹으러 또 가야겠어요. 라떼는 우유 스티밍과 라떼 아트가 아쉬워서 추천은 못하겠고 ㅎㅎ 일하는 바리스타 직원에 따라 다를 수 있으니 이건 참고해주시구요. 아참 작년에 오렌지카노 먹었는데 오렌지카노 맛있었고 내부 분위기 전체적으로 아늑하고 편해요더보기, rating=0, date=알 수 없음, sentiment=positive, keywords=[주기율, 카페, 원두, 산미, 고소], sentiment_score=4.0, matched_sentiment_words=[추천, 아늑하고, 진짜, 맛있네요, 맛있었고]}, {text=공간과 영업시간이 너무 좋아서 이미 만족스러운데 음료와 디저트도 수준급입니다 잘 쉬다 갑니다 ㅎㅎ, rating=0, date=알 수 없음, sentiment=positive, keywords=[공간, 영업, 시간, 음료, 디저트], sentiment_score=2.0, matched_sentiment_words=[만족스러운데, 좋아서]}, {text=커피도 맛있고 이야기도 있는 분위기 좋은 카페네요~~ 혼자 생각하거나 시간보낼 때 가기 좋은 카페입니다, rating=0, date=알 수 없음, sentiment=positive, keywords=[커피, 이야기, 분위기, 카페, 혼자], sentiment_score=3.0, matched_sentiment_words=[좋은, 맛있고]}, {text=바스크 치즈케이크, 바나나푸딩 디저트가 먹고싶어서 왔어요 카페가 깔끔하고 디저트 티 음료 다 맛있어용^^, rating=0, date=알 수 없음, sentiment=positive, keywords=[바스크, 치즈케이크, 바나나, 푸딩, 디저트], sentiment_score=2.0, matched_sentiment_words=[맛있어용, 깔끔하고]}], negative=[{text=처음 오렌지커피를 마셔봤을 땐,응 커피에 오렌지주슬 탔군. 했고집에서 고대로 따라했다가 실패한 후론,이 곳의 오렌지커피가 그리워 찾곤 합니다~추억이 서린 곳 주기율, 오래오래 자리하길더보기, rating=0, date=알 수 없음, sentiment=negative, keywords=[처음, 오렌지, 커피, 고집, 고대로], sentiment_score=-2.0, matched_sentiment_words=[오래오래, 실패한]}, {text=사장님 보세요.저도 자영업 하는 사람으로서 노파심에 글 남깁니다. 대가방 나와서 그냥 가기 아쉬워 근처에 카페 찾다가 들어갔습니다. 처음 가서 잘 몰랐는데 메뉴를 고르고 시키려고 하니 안경낀 알바분이 짜증스러운 말투로 키오스크에서 주문하세요 라고 얘기하더라구요. 처음 온 사람은 당연히 모를수 있는것을 왜 그렇게 짜증나는 말투로 얘기하는지 의아했습니다. 이어 주문시킨 음료가 품절돼서 다른 알바분이 오셔서는 친절히 얘기해주어 메뉴변경했습니다. 이후 화장실을 가려고 화장실 위치를 물어봤는데 안경낀 알바분은 여전히 짜증스런 말투로 얘기하더라구요. 무리한 부탁을 한것도 아니고 손님으로서 물어볼수 있는점을 물어본건데 불쾌했습니다. 인테리어도 좋고 맛도 좋은데 직원분의 응대때문에 다시 가고싶지는 않습니다. 응대교육을더보기, rating=0, date=알 수 없음, sentiment=negative, keywords=[사장, 영업, 사람, 노파, 가방], sentiment_score=-7.0, matched_sentiment_words=[짜증스런, 좋은데, 불쾌했습니다, 좋고, 짜증나는, 그냥, 친절히, 짜증스러운]}]}}, word_cloud_comparison={my_store={positive_words={피자=33, 화덕=17, 파스타=13, 보기=9, 도우=9, 가성=8, 가격=8, 음식=5, 마르=5, 게리=5, 메뉴=5, 방문=4, 수지=4, 치즈=4, 주문=4, 번창=4, 포장=4, 맛집=3, 느낌=3, 샐러드=3, 예약=3, 세트=3, 다른=3, 이용=3, 최근=2, 처음=2, 자주=2, 리뷰=2, 토마토=2, 야채=2, 점심시간=2, 먹기=2, 전화=2, 근처=2, 사장=2, 최고=2, 도서관=2, 고르곤졸라=2, 추가=2, 물리=2, 오늘=2, 만족=2, 매장=2, 친구=2, 식사=2, 구성=2, 쫀득=2, 조각=2, 음료=2, 다음=2}, negative_words={고르곤졸라=2, 해산물=2, 음식=2, 그냥=2, 다른=2, 고기=2, 뚝배기=1, 파스타=1, 리조또=1, 주문=1, 참으로=1, 가격=1, 모처럼=1, 주말=1, 여자=1, 아이=1, 처음=1, 피자=1, 뇌리=1, 인지=1, 곳도=1, 해도=1, 용인시=1, 주차=1, 공사=1, 핑계=1, 당분간=1, 보기=1}}, competitor={positive_words={커피=26, 카페=21, 분위기=15, 오렌지=11, 공간=9, 보기=8, 디저트=8, 라떼=7, 음료=7, 집중=5, 음악=5, 푸딩=4, 근처=4, 뱅쇼=4, 메뉴=4, 방문=4, 작업=4, 좌석=4, 인테리어=3, 처음=3, 바나나=3, 직원=3, 다음=3, 원두=3, 내부=3, 시간=3, 혼자=3, 생각=3, 가기=3, 주스=3, 자리=3, 대화=3, 아메리카노=3, 스모=3, 소리=3, 새벽=3, 자주=3, 추천=2, 주기율=2, 취향=2, 우유=2, 카노=2, 전체=2, 이야기=2, 거나=2, 경우=2, 다른=2, 기분=2, 선정릉=2, 감성=2}, negative_words={얘기=4, 처음=3, 오렌지=3, 커피=3, 알바=3, 말투=3, 보기=2, 사람=2, 메뉴=2, 안경=2, 주문=2, 화장실=2, 응대=2, 고집=1, 고대로=1, 후론=1, 추억=1, 서린=1, 주기율=1, 오래오래=1, 자리=1, 사장=1, 영업=1, 노파=1, 가방=1, 그냥=1, 가기=1, 근처=1, 카페=1, 하니=1, 오스=1, 의아=1, 음료=1, 품절=1, 다른=1, 변경=1, 위치=1, 부탁=1, 손님=1, 인테리어=1, 직원=1, 때문=1, 교육=1}}}}","당신의 매장과 경쟁사(주기율)를 비교한 리뷰 분석 결과를 살펴보겠습니다.

두 매장 모두 60개의 리뷰를 받았습니다. 당신의 매장은 긍정 리뷰 비율이 53.3%로 경쟁사(48.3%)보다 약간 높습니다. 이는 고객들이 전반적으로 당신의 매장에 더 만족하고 있다는 신호입니다.

당신의 매장은 '피자', '화덕', '파스타', '도우' 같은 음식 관련 키워드가 긍정적으로 언급되고 있어 음식의 품질이 강점으로 보입니다. 특히 '가성', '가격' 키워드도 긍정적으로 언급되어 가격 대비 만족도가 높은 것으로 보입니다.

반면 경쟁사는 '커피', '카페', '분위기', '공간', '디저트' 등이 긍정적으로 언급되어 음료와 매장 분위기가 강점인 것 같습니다.

개선할 점으로는 '고르곤졸라', '해산물', '고기' 등 특정 메뉴에 대한 부정적 언급이 있어 이 메뉴들의 품질을 점검해볼 필요가 있습니다.

매출 향상을 위한 제안:
1. 긍정적으로 언급된 '피자'와 '화덕' 관련 메뉴를 마케팅에 더 활용하세요.
2. 부정적 피드백을 받은 '고르곤졸라'나 '해산물' 메뉴의 레시피를 개선하거나 재료를 업그레이드하세요.
3. 경쟁사의 강점인 '분위기'와 '공간'을 참고해 매장 인테리어나 분위기 개선을 고려해보세요.
4. '친구'가 긍정 키워드로 나타난 것을 활용해 친구 동반 고객을 위한 세트 메뉴나 할인 프로모션을 고려해보세요.

이 데이터는 메뉴 품질과 가격 정책이 잘 맞아떨어지고 있음을 보여줍니다. 앞으로는 부정적 피드백을 받은 특정 메뉴들을 개선하고, 경쟁사처럼 매장 분위기도 함께 신경 쓴다면 더 많은 고객을 유치할 수 있을 것입니다.",주기율,1842381514,2025-04-07T04:27:29.985Z,67f2517d5c238ede71aa827f,10
67f4672027e38f83b1a55f76,"{my_store={review_count=60, average_rating=0.0, sentiment_distribution={positive=51, neutral=9, negative=0}, positive_rate=85.0, sample_reviews={positive=[{text=2인분인데 점심특선의 코다리찜양이 다른 곳보다 많은 게 장점이네요. 매콤하니 맛도 좋고 성의있는 반찬도 좋네요 양도 많은데 괜히 아가미부분 살 발라먹다가 쿰쿰하고쓴 살 맛에 놀았지만 또 방문 할거예요., rating=0, date=알 수 없음, sentiment=positive, keywords=[인분, 점심, 특선, 코다리, 다른], sentiment_score=2.0, matched_sentiment_words=[좋네요, 좋고]}, {text=매콤한맛에 부드러운 식감의 명태조림 이런맛 처음이예요~반찬에 조합이 진심 최고예요 👍소자 시켰는데 양도 많고 같이 나온 김에 싸먹으니 진짜 맛있더라구요!김 양이 넉넉하다 못해 남을 정도로 아낌없이 퍼주시는 사장님😆같이 나온 콩나물 조림 양념에 버무려 김에 같이 올려먹음 존맛입니다 점심때 저렴히 먹을수있다니 점심때 또 먹으러 갈께요!더보기, rating=0, date=알 수 없음, sentiment=positive, keywords=[매콤, 식감, 명태, 조림, 처음], sentiment_score=4.0, matched_sentiment_words=[넉넉하다, 진짜, 최고, 존맛, 맛있더라구요]}, {text=집 근처에 맛있는 명태조림집이 있다길래 갔어요~ 점심특선은 인당 12,000원인데 양도 많고 가성비 좋아요! 밑반찬도 하나하나 다 맛있네요. 명태조림 보통맛으로 시켰는데도 살짝 매콤하니 맛있었어요~ 완도 김에 싸먹으면 완전 밥도둑❣️ 사장님도 친절하시고 매장 진~짜 깔끔하네요 🫶🏻, rating=0, date=알 수 없음, sentiment=positive, keywords=[근처, 명태, 조림, 점심, 특선], sentiment_score=6.0, matched_sentiment_words=[짜, 깔끔하네요, 맛있는, 좋아요, 맛있었어요, 완전, 친절하시고, 맛있네요]}, {text=코다리찜보다 맛있는 명태조림!!!양념이 맛있게 매워서 밥이 끊임없이 들어갑니다 ㅎㅎ 명태 살도 정말 실하고 쫄깃 쫄깃 맛있습니다!다음에 또 생각날 것 같은 맛이에요!맛있게 잘 먹었습니다~ 번창하세요 ʕ”̮ॽुෆ⃛더보기, rating=0, date=알 수 없음, sentiment=positive, keywords=[코다리, 명태, 조림, 양념, 쫄깃], sentiment_score=7.0, matched_sentiment_words=[맛있습니다, 맛있는, 쫄깃, 정말, 맛있게]}, {text=제가 개인적으로 좋아하는 음식 중에 하나가 코다리찜인데코다리찜보다 더 맛있게 먹고 온 착한명태조리고의 매콤 명태조림입니다. 양념이 진하고 꾸덕하고 크고 두툼한 명태조림이 은근하게 매워서 자꾸만 입맛 당기더라구요. 밥도둑 매콤명태조림 양념에 우동사리 넣어서 든든하게 즐기고 완도 돌김에 큼직한 명태조림 넣고 콩나물 곁들여 먹어도 맛있게 즐길 수 있었습니다. 함께 나오는 고추 하나 넣어 먹으면 더 매콤하고 깔끔하게 즐길 수 있었어요. 안쪽 살짝 분리된 자리에는 가족모임 해도 좋을 거 같고 여자들은 명태조림 이런 음식 좋아하니깐 친구나 맘들 모임할때 함께 먹으러 와도 좋을 거 같더라구요.더보기, rating=0, date=알 수 없음, sentiment=positive, keywords=[개인, 음식, 하나, 코다리, 명태], sentiment_score=7.0, matched_sentiment_words=[좋을, 깔끔하게, 좋아하니깐, 좋아하는, 맛있게]}], negative=[]}}, competitor={name=황금명태조리고, review_count=60, average_rating=2.3, sentiment_distribution={positive=8, neutral=49, negative=3}, positive_rate=13.333333333333334, sample_reviews={positive=[{text=명태조림 너무 맛있어요 다시 찾고싶은 먹고싶은 곳입니다 맛있게 잘 먹었습니다, rating=0, date=알 수 없음, sentiment=positive, keywords=[명태, 조림], sentiment_score=2.0, matched_sentiment_words=[맛있게, 맛있어요]}, {text=음식 맛나요 가성비 좋고바쁜데 착착착 물흘러가듯 응대 잘해주시고 친절하시네요, rating=0, date=알 수 없음, sentiment=positive, keywords=[음식, 가성, 착착, 응대], sentiment_score=2.0, matched_sentiment_words=[친절하시네요, 좋고]}, {text=집에서 가까워서 친구 만날때 가끔 들른다. 맛이 깔끔하고 맛있다., rating=0, date=알 수 없음, sentiment=positive, keywords=[친구, 만날, 가끔], sentiment_score=2.0, matched_sentiment_words=[맛있다, 깔끔하고]}, {text=점심특선 1인 13,000원인데 정말 맛있고 매콤하고 좋아요!!!, rating=0, date=알 수 없음, sentiment=positive, keywords=[점심, 특선, 매콤], sentiment_score=3.0, matched_sentiment_words=[좋아요, 정말, 맛있고]}, {text=맛있게 잘 먹었어요 감사합니다, rating=0, date=알 수 없음, sentiment=positive, keywords=[], sentiment_score=2.0, matched_sentiment_words=[맛있게, 감사합니다]}], negative=[{text=연휴지만 영업중 떠 있어서 방문했구요.가보니 홀에 손님 있어서 입장했어요. 아이가 계란찜 먹고 싶다해서 갔는데 연휴라 직원이 없다며 계란찜 할 수가 없다 하더라구요. 홀 오픈 안할려했는데 열었다며 공기밥 3개 해서 먹으라고...명절이니 그럴 수 있다 싶어서 아이 달래서 식사 하고 나왔는데 왠걸요~ 금액이 점심특선 아니고 소자로 더 많이 찍혀있더라구요~ 그러면서 공기밥 하나 빼주셨다는 식으로 생색을 내시던데... 저희는 점심특선 시간에 갔기 때문에 당연히 그 가격을 생각했지요. 다시 들어가서 물어보니 그제서야 오늘은 그가격 안된다구요. 홀에 사람 안 받으려다 받으면 저희는 돈을 더 내야하나요? 미리 말씀을 해주셨으면 계란찜 있는 다른집을 찾았을텐데요... 기분이 아주 별로네요...더보기, rating=0, date=알 수 없음, sentiment=negative, keywords=[연휴, 영업, 방문, 손님, 입장], sentiment_score=-1.0, matched_sentiment_words=[별로]}, {text=주문도 하지 않은 폭탄계란찜 사장실수로 나올수 있다치자실수했다고 와서 이야기는 해야되는거 아님?계산할때 사장 사라짐4천원이지만 너무 황당하고 어이없음혹시라도 담에도 실수하시믄 꼭 손님께 사과부터 하시고 사라지세욤더보기, rating=0, date=알 수 없음, sentiment=negative, keywords=[주문, 폭탄, 계란찜, 사장, 실수], sentiment_score=-2.0, matched_sentiment_words=[황당하고, 어이없음]}, {text=와, 예약안하고 갔더니 딱 점심때 갔더니 웨이팅이... 사실 30분 좀 더 기다린 것 같아요. 음식은 점심특선으로 들어가면 바로 주문 들어가서 나오는데 별로 시간이 안걸렸구요. 콩나물을 양념에 버무리고 김에 쌈싸먹으면 맛나게 먹을 수 있는 방법이라 소개되어있어요. 근데 저는 김향에 명태맛이 다 가려버리는 것 같아서 주로 그냥 먹었어요. 맵찔이라 신경쓰인다 싶으신 분들도 아주 살짝 매콤한 정도지만 덜맵게도 되니까 걱정안해도 될 것 같아요.더보기, rating=0, date=알 수 없음, sentiment=negative, keywords=[점심때, 웨이팅, 사실, 음식, 점심], sentiment_score=-5.0, matched_sentiment_words=[별로, 맵, 맵게도, 쓰인다, 그냥]}]}}, word_cloud_comparison={my_store={positive_words={명태=58, 조림=34, 양념=26, 매콤=22, 사장=19, 보기=19, 점심=11, 맛집=11, 반찬=10, 최고=10, 코다리=9, 양도=9, 하나=9, 도둑=9, 방문=8, 콩나물=7, 자주=7, 직원=7, 특선=6, 매장=6, 음식=6, 조리=6, 가격=6, 공기=6, 밑반찬=5, 쫄깃=5, 부모님=5, 육즙=5, 정도=4, 입맛=4, 주문=4, 단골=4, 계란찜=4, 항상=4, 가게=4, 발라=3, 처음=3, 조합=3, 근처=3, 보통=3, 완도=3, 번창=3, 친구=3, 메뉴=3, 손님=3, 살이=3, 튀김=3, 공기밥=3, 무조건=3, 포장=3}, negative_words={}}, competitor={positive_words={음식=2, 명태=1, 조림=1, 가성=1, 착착=1, 응대=1, 친구=1, 만날=1, 가끔=1, 점심=1, 특선=1, 매콤=1, 아이=1, 코다리=1, 집늘=1, 곳맛=1, 엄마=1, 포장=1, 직접=1, 한번=1, 보고=1, 방문=1, 사람=1, 피크=1, 시간=1, 양념=1, 별미=1, 전화=1, 준비=1, 항상=1}, negative_words={계란찜=4, 점심=3, 특선=3, 보기=3, 실수=3, 연휴=2, 손님=2, 아이=2, 공기밥=2, 저희=2, 시간=2, 가격=2, 별로=2, 주문=2, 사장=2, 영업=1, 방문=1, 입장=1, 직원=1, 수가=1, 오픈=1, 명절=1, 식사=1, 금액=1, 소자=1, 하나=1, 생색=1, 때문=1, 생각=1, 오늘=1, 사람=1, 내야=1, 하나요=1, 미리=1, 말씀=1, 기분=1, 폭탄=1, 이야기=1, 계산=1, 혹시=1, 사과=1, 욤더=1, 점심때=1, 웨이팅=1, 사실=1, 음식=1, 콩나물=1, 양념=1, 버무리=1, 방법=1}}}}","리뷰 분석 결과를 살펴보니 매우 좋은 소식이 있습니다!

**매출 현황과 인기 제품**
- 귀하의 매장은 리뷰에서 85%라는 높은 긍정 비율을 보이고 있어요. 경쟁사는 13.3%에 불과합니다.
- 손님들이 특히 좋아하는 메뉴는 '명태조림'이며, '양념'과 '매콤한 맛'이 인기 요소입니다.
- '계란찜'과 '공기밥'도 귀하의 매장에서만 긍정적으로 언급되는 메뉴로, 차별화 포인트입니다.
- '반찬'도 자주 긍정적으로 언급되어 사이드 메뉴도 잘 운영되고 있습니다.

**영업 패턴**
- '점심' 시간대가 자주 언급되어 점심 영업이 중요한 시간대임을 알 수 있습니다.
- '사장'님의 서비스가 긍정적으로 언급되어 고객 응대가 매출에 좋은 영향을 주고 있습니다.
- 경쟁사는 '연휴' 기간과 '손님'이 많을 때 서비스 품질이 떨어지는 것으로 보입니다.

**개선 가능성**
1. 강점 활용하기:
   - ""매콤한 양념의 명태조림과 계란찜 세트"" 같은 조합 메뉴를 전면에 내세워 마케팅하세요.
   - 사장님의 친절한 서비스를 계속 유지하세요. 이것이 큰 경쟁력입니다.

2. 경쟁사와 차별화:
   - 경쟁사는 '실수'와 '손님' 응대에서 문제가 있어 보입니다. 바쁜 시간에도 일관된 서비스 품질을 유지하세요.
   - 경쟁사에 없는 '계란찜'의 품질을 더욱 높이고 홍보하세요.

3. 마케팅 전략:
   - ""최고의 반찬이 함께하는 명태조림 전문점""이라는 포지셔닝을 고려해보세요.
   - 점심 특선 메뉴를 강화하고, 바쁜 점심시간에도 빠른 서비스를 제공하세요.

귀하의 매장은 이미 좋은 평가를 받고 있으니, 이 강점을 더욱 발전시키고 마케팅에 활용하면 매출 증가로 이어질 것입니다. 특히 명태조림의 맛과 친절한 서비스를 계속 유지하는 것이 중요합니다.",황금명태조리고,1580396337,2025-04-08T00:00:32.763Z,67f122da627628686f8dbd3d,1
67f47455dcc88d44ab137e5b,"{my_store={review_count=60, average_rating=0.0, sentiment_distribution={positive=22, neutral=35, negative=3}, positive_rate=36.666666666666664, sample_reviews={positive=[{text=꼬막무침 1인분인데 양도 많거니와, 맛도 정말 맛나요~~!!♡♡사장님도 친절하시구요싹싹 다 먹고왔네요, rating=0, date=알 수 없음, sentiment=positive, keywords=[꼬막, 인분, 양도, 사장, 싹싹], sentiment_score=2.0, matched_sentiment_words=[친절하시구요, 정말]}, {text=점심시간에 갔는데 직장인들이 많아 순환율도 빠르고 시래기국도 금방 나왔습니다. 셀프반찬도 다양하고 잡채, 떡볶기,김치 등 모두 다 맛있었습니다, rating=0, date=알 수 없음, sentiment=positive, keywords=[점심시간, 직장인, 환율, 시래기, 국도], sentiment_score=3.0, matched_sentiment_words=[맛있었습니다, 빠르고, 다양하고]}, {text=제가 이용한 순남시래기 중 가장 큰 것 같아요. 외국인 가족도 맛있게 먹었습니다. 녹두전은 처음 먹어봤는데 식감과 맛 모두 최고에요., rating=0, date=알 수 없음, sentiment=positive, keywords=[이용, 시래기, 가장, 외국인, 가족], sentiment_score=2.0, matched_sentiment_words=[최고, 맛있게]}, {text=시래기 맛집인데 묵 비빔밥 먹었네요.국도 나오고 반찬이 셀프인데 잡채, 떡볶이 등도 나오고 좋아요다 맛있어요^^더보기, rating=0, date=알 수 없음, sentiment=positive, keywords=[시래기, 맛집, 비빔밥, 국도, 반찬], sentiment_score=2.0, matched_sentiment_words=[맛있어요, 좋아요]}, {text=여기 맛집인정가격도 좋고 반찬이랑 보쌈 다 맛있음입에서 고기가 녹아요ㅎㅎ또 방문예정ㅎㅎ더보기, rating=0, date=알 수 없음, sentiment=positive, keywords=[맛집, 인정, 가격, 반찬, 보쌈], sentiment_score=2.0, matched_sentiment_words=[맛있음, 좋고]}], negative=[{text=시래기국 자체는 그냥그랬는데 반찬이 잡채.도토리묵. 떡볶이를 직접 가져다먹는 집이에요., rating=0, date=알 수 없음, sentiment=negative, keywords=[시래기, 자체, 그냥, 반찬, 잡채], sentiment_score=-1.0, matched_sentiment_words=[그냥]}, {text=무엇보다 반찬이 맘에들어요~셀프바도있는데떡볶이 더 먹고싶었는데 다 떨어졌는지.. 없어가꼬 ㅜ, rating=0, date=알 수 없음, sentiment=negative, keywords=[반찬, 셀프, 떡볶이], sentiment_score=-1.0, matched_sentiment_words=[떨어졌는지]}, {text=다른 매장보다 뷔페 종류가 적고 맛이 별로, rating=0, date=알 수 없음, sentiment=negative, keywords=[다른, 매장, 뷔페, 종류, 별로], sentiment_score=-2.0, matched_sentiment_words=[적고, 별로]}]}}, competitor={name=Jays 제이스, review_count=60, average_rating=3.6, sentiment_distribution={positive=47, neutral=13, negative=0}, positive_rate=78.33333333333333, sample_reviews={positive=[{text=정말 행복한식사였습니다~~^^쉐프스 스페셜 코스 넘넘 맛있고 정성가득한 음식에 감동했습니다. 저희4남매를 위한 저녁식사에 행복감을 더해주는 장소와 음식 감사합니다.사장님 넘 유쾌하시고 프라이빗한 공간을 다 내어주셔서 너무너무 즐겁고 좋았습니다^^가족들과 또 가고싶네요~~행복한 4남매 였습니다^^더보기, rating=0, date=알 수 없음, sentiment=positive, keywords=[식사, 쉐프, 스페셜, 코스, 정성], sentiment_score=8.0, matched_sentiment_words=[감사합니다, 감동, 정말, 행복한, 맛있고, 행복감, 좋았습니다]}, {text=기념일에 가기 좋은 아늑하고 따뜻한 제이스. 선택 키워드 5개로 채워지지 않는 곳이에요. 셰프님이 음식에 진심이신 게 느껴지고, 메뉴 하나하나 정성스레 설명해주셔서 음식에 대해 알아가는 재미도 있네요. 코스요리가 이렇게 배가 부를 수 있다니!, rating=0, date=알 수 없음, sentiment=positive, keywords=[기념일, 가기, 제이스, 선택, 워드], sentiment_score=2.0, matched_sentiment_words=[아늑하고, 좋은]}, {text=방금, 식사 끝나고 나왔는데요. 정말 행복한 만찬이였습니다. 모처럼 정성가득한 음식을 대접 받는 느낌이였고 메뉴 하나하나 친절히 설명해 주셨어요. 입 짧은 아들이 너무 잘 먹어서 깜짝 놀랬구요. 하나하나 다 맛있었구요. 자극적이지 않아 너무나 속 편안하게 먹었습니다. 배불러서 파스타 어떻게 먹지 했는데 어멋! 몇년간 먹었던 파스타 중에 최고였어요. 소금간도 안하고 해물에서 나오는 육수로만 만드셨다는데 어떻게 오일 파스타가 안매우면서 이렇게 담백하게 잘 만드셨는지.. 그리고 하우스와인!! 너무 잘 어울리고 ㅠㅠ 내돈내산 진심 감동입니다🙏🏻 진짜 나만알고싶은 맛집이네요 자주 뵐게요❤️더보기, rating=0, date=알 수 없음, sentiment=positive, keywords=[식사, 만찬, 모처럼, 정성, 음식], sentiment_score=7.0, matched_sentiment_words=[정말, 친절히, 최고, 감동, 진짜, 맛있었구요, 행복한, 편안하게]}, {text=기념일이라 괜찮은곳 찾다가 예약해서 가봤는데 분위기도 아늑하고 음식도 맛있었습니다. 코스도 알차고 각 코스마다 음식 설명도 친절하게 해주셔서 더욱 좋았어요! 11코스 했더니 배터지는줄.. 재방문 의사 있습니다!, rating=0, date=알 수 없음, sentiment=positive, keywords=[기념일, 예약, 분위기, 음식, 코스], sentiment_score=4.0, matched_sentiment_words=[아늑하고, 친절하게, 맛있었습니다, 좋았어요]}, {text=아버지 환갑 기념 방문했던 곳입니다일단 음식은 맛있었다라고 얘기하기도 입아프고요..저는 개인적으로 시그니처파스타가 너무너무 맛있었어요. 방문한지 좀 지난 지금 시점에서도 계속 생각나는 맛입니다ㅜㅜ 가게 인테리어도 예쁘고, 한 타임당 최대 두팀이라 그런지 프라이빗한 느낌이 들어 좋았어요! 사장님도 너무 친절하게 응대해주셔서 즐거운 시간이었습니다. 추천해주셨던 와인도 음식이랑 잘어울렸어요. 코스 길이는 2시간정도로 이야기 나누며 식사하기 딱 좋았습니다. 저는 미리 가서 커다란 케잌을 맡겼었는데, 곤란한 부탁일 수도 있음에도 흔쾌히 들어주셔서 정말 감사했습니다. 몰래 케이크 준비할 수 있게 도와주시기까지.. 넘 감동했어용!! 덕분에 부모님께서 매우 행복한 시간 가지셨다고해요. 조만간 또 방문하겠습니다~~!!더보기, rating=0, date=알 수 없음, sentiment=positive, keywords=[아버지, 환갑, 기념, 방문, 일단], sentiment_score=10.0, matched_sentiment_words=[맛있었다라고, 정말, 감동, 행복한, 추천, 좋았습니다, 감사했습니다, 친절하게, 좋았어요, 맛있었어요]}], negative=[]}}, word_cloud_comparison={my_store={positive_words={반찬=13, 시래기=11, 셀프=9, 떡볶이=7, 국도=5, 보기=5, 잡채=4, 모두=3, 밑반찬=3, 막걸리=3, 양도=2, 사장=2, 이용=2, 최고=2, 맛집=2, 가격=2, 고기=2, 방문=2, 일반=2, 곱창=2, 샐러드=2, 수육=2, 음식=2, 꼬막=1, 인분=1, 싹싹=1, 점심시간=1, 직장인=1, 환율=1, 금방=1, 떡볶기=1, 김치=1, 가장=1, 외국인=1, 가족=1, 녹두=1, 처음=1, 식감=1, 비빔밥=1, 인정=1, 보쌈=1, 예정=1, 가면=1, 등등=1, 가성=1, 자주=1, 점심=1, 모주=1, 추가=1, 더욱=1}, negative_words={반찬=2, 떡볶이=2, 시래기=1, 자체=1, 그냥=1, 잡채=1, 도토리묵=1, 직접=1, 셀프=1, 다른=1, 매장=1, 뷔페=1, 종류=1, 별로=1}}, competitor={positive_words={음식=51, 방문=22, 보기=21, 예약=21, 하나=20, 코스=17, 쉐프=13, 메뉴=13, 설명=13, 식사=12, 사장=12, 파스타=12, 분위기=12, 요리=11, 시간=11, 최고=10, 기념일=9, 생일=9, 가족=7, 셰프=7, 기념=7, 사진=7, 부모님=6, 모임=6, 정성=5, 추천=5, 준비=5, 모두=5, 재료=5, 다음=5, 오늘=5, 스페셜=4, 프라이=4, 가기=4, 제이스=4, 와인=4, 맛집=4, 의사=4, 생신=4, 모든=4, 접시=4, 리뷰=4, 기분=4, 양도=4, 매장=4, 감동=3, 저희=3, 선택=3, 대해=3, 재미=3}, negative_words={}}}}","리뷰 분석 결과를 보면 귀하의 매장과 경쟁사(제이스) 사이에 몇 가지 중요한 차이점이 있습니다.

**고객 만족도 비교**
- 귀하의 매장은 긍정 리뷰 비율이 36.7%로, 경쟁사의 78.3%보다 낮습니다.
- 경쟁사는 부정적 리뷰가 없는 반면, 귀하의 매장은 일부 부정적 리뷰가 있습니다.

**메뉴와 서비스 인식**
- 귀하의 매장은 '반찬', '시래기', '셀프', '떡볶이' 등이 자주 언급됩니다.
- 경쟁사는 '음식', '코스', '쉐프', '메뉴', '설명' 등이 긍정적으로 언급됩니다.

**개선 가능성**
1. **셀프 서비스 개선**: '셀프'가 긍정과 부정 키워드 모두에 등장하는 것으로 보아, 셀프 서비스 방식을 더 편리하게 개선할 필요가 있습니다.

2. **메뉴 품질 향상**: 반찬과 떡볶이가 긍정/부정 키워드 모두에 등장하므로, 이 메뉴들의 품질을 일관되게 유지하거나 개선하세요.

3. **고객 경험 강화**: 경쟁사는 '코스', '쉐프', '설명' 등이 언급되는 것으로 보아 고객 경험에 중점을 두고 있습니다. 메뉴에 대한 설명이나 특별한 경험을 제공하는 것을 고려해보세요.

4. **강점 활용**: '김치', '식감' 등 귀하의 매장에만 있는 긍정 키워드를 마케팅에 활용하세요.

매장 운영을 개선하려면 고객 서비스를 강화하고, 인기 메뉴의 품질을 높이며, 셀프 서비스 방식을 더 편리하게 만드는 데 집중하는 것이 좋겠습니다. 또한 경쟁사처럼 고객에게 특별한 경험을 제공하는 방향으로 서비스를 발전시키는 것을 고려해보세요.",Jays 제이스,1425392022,2025-04-08T00:56:53.526Z,67f4740e0f3020f4a084ee12,8
67f4b2697149e55c1bfe63f5,"{my_store={review_count=60, average_rating=0.0, sentiment_distribution={positive=32, neutral=26, negative=2}, positive_rate=53.333333333333336, sample_reviews={positive=[{text=동네에 이렇게 맛있는 화덕피자집이 있다니요~ 탄성이 절로 나오는 신선하고 풍성한 맛이었습니다~~ 잘먹었습니다, rating=0, date=알 수 없음, sentiment=positive, keywords=[동네, 화덕, 피자, 탄성, 절로], sentiment_score=2.0, matched_sentiment_words=[신선하고, 맛있는]}, {text=최근에 처음 방문하고 너무 너무 맛있어서, 자주 방문하게 되었네요~!! 재료 신선하고, 음식 맛있고, 정말 매력적인 식당입니다!!!, rating=0, date=알 수 없음, sentiment=positive, keywords=[최근, 처음, 방문, 자주, 재료], sentiment_score=5.0, matched_sentiment_words=[신선하고, 정말, 맛있고, 매력, 맛있어서]}, {text=맛있다는 리뷰 보고 방문 했어요 리뷰대로 피자가 화덕에서 바로 구워져서 쫄깃쫄깃하고 너무 맛있네여 크림파스타도 하나도 안 느끼해요! 수지맛집 입니다, rating=0, date=알 수 없음, sentiment=positive, keywords=[리뷰, 보고, 방문, 피자, 화덕], sentiment_score=2.0, matched_sentiment_words=[쫄깃쫄깃, 맛있네여, 맛있다는, 느끼해요]}, {text=도심속에 화덕피자가게를 우연히 만났습니다.피자 맛있구요 파스타 토마토9900원입니다.진한 느낌아닌 가벼운 소스 느낌입니다.샐러드도 맛있었고 무엇보다 야채들이 신선해서좋았습니다.화덕임에도 피자가 금방나와서 더 만족스러웠습니다. 담에 또 들르겠습니다!더보기, rating=0, date=알 수 없음, sentiment=positive, keywords=[도심, 화덕, 피자, 가게, 파스타], sentiment_score=5.0, matched_sentiment_words=[맛있었고, 맛있구요, 만족스러웠습니다, 신선해서, 좋았습니다]}, {text=점심시간에 동료들과 왔는데 ,가성비있는 가격에 음식은 깔끔하고 먹기 적당했습니다.피자도우가 화덕에 구워서 쫀득했고,치즈는 많지 않았어도 담백하게 신선한 야채랑 잘 먹었습니다.전화로 예약하면 자리도 마련해 주시구요. 해물뚝배기 스파게티는 국물이 시원해서 양식 않좋아하시는 분들도 잘 드실것 같았습니다.근처 점심시간이 전쟁같은데 , 조용하고 좋았습니다, rating=0, date=알 수 없음, sentiment=positive, keywords=[점심시간, 동료, 가성, 가격, 음식], sentiment_score=3.0, matched_sentiment_words=[좋아하시는, 신선한, 깔끔하고, 적당했습니다, 좋았습니다]}], negative=[{text=고르곤졸라, 뚝배기해산물파스타, 해산물리조또 주문. 음식은 참으로 대단할 거 없는 맛입니다. 그냥 뻔한 음식을 비싸지 않은 가격으로 먹을 수 있습니다. 모처럼의 주말에 좀 더 비싸도 맛있는 걸 먹고싶은데 6세 여자 아이가 꼭 여기를 가자 합니다. 고르곤졸라 먹으러. 처음 맛본 피자가 뇌리에 박혀서인지 다른 곳도 가보자 해도 안 간답니다. 용인시공영주차장이 공사중이라 차 세우기 힘들었고 이걸 핑계로 당분간 다른 곳으로 가볼까 합니다. 더보기, rating=0, date=알 수 없음, sentiment=negative, keywords=[고르곤졸라, 뚝배기, 해산물, 파스타, 리조또], sentiment_score=-3.0, matched_sentiment_words=[그냥, 비싸도, 비싸지, 힘들었고, 맛있는]}, {text=맛은 있는데 고기는 다진고기라 그냥 그랬어요, rating=0, date=알 수 없음, sentiment=negative, keywords=[고기, 그냥], sentiment_score=-1.0, matched_sentiment_words=[그냥]}]}}, competitor={name=라보나쿠치나 수지점, review_count=60, average_rating=2.5, sentiment_distribution={positive=16, neutral=39, negative=5}, positive_rate=26.666666666666668, sample_reviews={positive=[{text=알리오올리오랑 치즈범벅크림라자냐 주문했는데둘다 넘 맛있게 잘 먹었습니당😋알리오올리오는 오일리하지만 전혀 느끼하지 않았구요통마늘과 올리브,브로컬리,방토가 들어있어 저는 좋았습니당 ㅎㅎ그리고 라자냐는 정말 인상적이였어요...이름대로 치즈범벅으로 좋은 치즈라 쭉쭉 늘어나구요특수팬(?)에 나와서 뜨끈뜨끈하고 눌은 치즈를 먹을 수 있어 아주 매력적이고 맛있었어요!😆양도 많아서 배불리 잘 먹고갑니당~👍🏻더보기, rating=0, date=알 수 없음, sentiment=positive, keywords=[알리오, 리오, 치즈, 범벅, 크림], sentiment_score=4.0, matched_sentiment_words=[적이였어요, 좋았, 맛있었어요, 맛있게, 느끼하지, 좋은, 매력, 정말]}, {text=옛날보다 맛있어져서 놀랐어요 19년도에 한번 갔다가 너무 매력없는 맛이라 그 이후로 안갔었는데 이번에 먹어보고 너무 맛있어져서 놀랐어요 속재료 넉넉하게 들어가있고 엑스트라버진 오일 맛이 강한건 아니지만 살짝 나긴해요 마늘빵도 여기서 직접 마늘 바른 맛? 색다른 맛이었어요 재방문 의사 있어요, rating=0, date=알 수 없음, sentiment=positive, keywords=[옛날, 한번, 매력, 이번, 보고], sentiment_score=4.0, matched_sentiment_words=[넉넉하게, 매력, 맛있어져서]}, {text=리코타치즈플랫 먹으러 재방문!! 날치알로제도 진심 소스까지 긁어먹을 정도로 맛있어요☺️ 아! 주말 저녁 여자알바분 친절하게 응대해주셔서 감사했어요 :), rating=0, date=알 수 없음, sentiment=positive, keywords=[리코, 치즈, 플랫, 방문, 날치], sentiment_score=3.0, matched_sentiment_words=[감사했어요, 친절하게, 맛있어요]}, {text=피자 파스타 둘 다 정말 맛있어요!! 하우스와인 글라스로 주문해서 맛있는 이브저녁 보냈습니다ㅎㅎ, rating=0, date=알 수 없음, sentiment=positive, keywords=[피자, 파스타, 하우스, 와인, 글라스], sentiment_score=3.0, matched_sentiment_words=[맛있는, 정말, 맛있어요]}, {text=오랜만에 친구들만나러 나갔다가 친구추천으로 갔어요. 매장은 작고 아담했지만 손님은 진짜 많아서...대기했어요.음식 하나하나 다 맛있었고 가격도 부담없고 잘 즐기고 왔습니다.!!^^, rating=0, date=알 수 없음, sentiment=positive, keywords=[친구, 추천, 매장, 작고, 손님], sentiment_score=2.0, matched_sentiment_words=[맛있었고, 추천, 진짜]}], negative=[{text=대략 1.6만 부터 시작.내 입맛에는 좀 맞지 않다.알리오올리오.. 많이 느끼하다.피자는 화덕에서 구웠다고는 하나 검정색 큰 점이 먹기 어렵게 한다.사람은 많다.내 입맛이 이상 할 뿐.더보기, rating=0, date=알 수 없음, sentiment=negative, keywords=[대략, 부터, 시작, 입맛, 알리오], sentiment_score=-1.0, matched_sentiment_words=[느끼하다]}, {text=배고파서 사진이 제대로 나온게 없네요ㅋㅋ수지구청역에서 양식 먹고 싶으면 다들 여기 갑니다. 매장이 크진 않은데 캐쥬얼한 4인 이하 모임이면 저절로 떠오르기도 하고요.일단 모든 메뉴가 평균 이상이에요. 전부 다 맛있어요. 뭘 시켜도 후회해 본 적 없음., rating=0, date=알 수 없음, sentiment=negative, keywords=[사진, 제대로, 수지구청, 양식, 매장], sentiment_score=-1.0, matched_sentiment_words=[후회, 적, 맛있어요]}, {text=건물 지상 주차장에 전기차 금지 표시도 없는데,전기차라며 못들어오게 해서 매우 불쾌했습니다.음식은 쏘쏘 ~, rating=0, date=알 수 없음, sentiment=negative, keywords=[건물, 지상, 주차장, 전기차, 금지], sentiment_score=-1.0, matched_sentiment_words=[불쾌했습니다]}, {text=1.주문받으러 안와서 주문하러가니 자리에 앉아있으라고 사장이 무안할정도의 말투로말함..2.기다려도 써빙알바분 안옴..아이한테 주문해놓으라고 시키고 다른아이마중나갔다옴 그때까지도 주문안받았다하여3.다시 카운터로 주문하러가는길 알바분이 자리에 앉아있으라고 또함ㅜ4.단체손님인지 술자리회식만큼 시끄럽게 구호외치고 시끄럽게하는데 그외 두테이블 사람들 전혀 배려없고 조용히해달라고 얘기도안함5.계산하는데 앞단체손님 뻔히 포인트입력하는거 봤는데 거긴포인트입력해주고 난 안해줌..해달라고 얘기안해서 안해준거라네요.. 포인트주기 그렇게 아까우면 아예 제도를 없애세요!! 알바분을 뭐라하고 싶진않습니다 올때마다 늘 묘하게 기분나쁜 사장님 보고 배우는거겠죠? 이곳에서만 사과를하시네요 사장님은더보기, rating=0, date=알 수 없음, sentiment=negative, keywords=[주문, 자리, 사장, 정도, 말투], sentiment_score=-2.0, matched_sentiment_words=[시끄럽게]}, {text=진짜 너무 별로 였어요. 토요일날 1시 이후에 갔고 서빙 하시는 여자 분들 자기 분이 실수 하셨는데기분도 너무 나빴고 파스타를 마자 머리카락 나왔습니다. 다시 가져다 주셨지만죄송하다는 말도 없이 저렴한 금액도 아닌데 정말.. 다신 안가려구요더보기, rating=0, date=알 수 없음, sentiment=negative, keywords=[별로, 토요일, 서빙, 여자, 자기], sentiment_score=-1.0, matched_sentiment_words=[정말, 별로, 진짜, 나빴고]}]}}, word_cloud_comparison={my_store={positive_words={피자=32, 화덕=17, 파스타=12, 도우=9, 보기=8, 가성=8, 가격=8, 음식=5, 마르=5, 게리=5, 방문=4, 수지=4, 치즈=4, 주문=4, 메뉴=4, 포장=4, 맛집=3, 느낌=3, 샐러드=3, 예약=3, 이용=3, 번창=3, 처음=2, 자주=2, 리뷰=2, 토마토=2, 야채=2, 점심시간=2, 먹기=2, 전화=2, 근처=2, 사장=2, 최고=2, 도서관=2, 고르곤졸라=2, 세트=2, 추가=2, 물리=2, 오늘=2, 다른=2, 만족=2, 매장=2, 친구=2, 조각=2, 음료=2, 다음=2, 아들=2, 동네=1, 탄성=1, 절로=1}, negative_words={고르곤졸라=2, 해산물=2, 음식=2, 그냥=2, 다른=2, 고기=2, 뚝배기=1, 파스타=1, 리조또=1, 주문=1, 참으로=1, 가격=1, 모처럼=1, 주말=1, 여자=1, 아이=1, 처음=1, 피자=1, 뇌리=1, 인지=1, 곳도=1, 해도=1, 용인시=1, 주차=1, 공사=1, 핑계=1, 당분간=1, 보기=1}}, competitor={positive_words={피자=11, 치즈=6, 주문=6, 보기=5, 파스타=5, 음식=5, 크림=4, 방문=3, 날치=3, 수지구청=3, 알리오=2, 리오=2, 범벅=2, 라자냐=2, 마늘=2, 매력=2, 소스=2, 저녁=2, 친구=2, 추천=2, 하나=2, 가격=2, 사람=2, 마르=2, 게리=2, 맛집=2, 게살=2, 세트=2, 주차=2, 일리=1, 전혀=1, 올리브=1, 브로컬리=1, 방토=1, 인상=1, 이름=1, 쭉쭉=1, 특수=1, 양도=1, 불리=1, 옛날=1, 한번=1, 이번=1, 보고=1, 재료=1, 엑스트라=1, 버진=1, 오일=1, 살짝=1, 마늘빵=1}, negative_words={주문=4, 보기=3, 사장=3, 알바=3, 포인트=3, 입맛=2, 사람=2, 이상=2, 전기차=2, 자리=2, 아이=2, 단체=2, 손님=2, 얘기=2, 입력=2, 기분=2, 대략=1, 부터=1, 시작=1, 알리오=1, 리오=1, 피자=1, 화덕=1, 하나=1, 검정색=1, 먹기=1, 사진=1, 제대로=1, 수지구청=1, 양식=1, 매장=1, 쥬얼=1, 이하=1, 모임=1, 이면=1, 저절로=1, 기도=1, 일단=1, 모든=1, 메뉴=1, 평균=1, 전부=1, 후회=1, 건물=1, 지상=1, 주차장=1, 금지=1, 표시=1, 라며=1, 음식=1}}}}","# 매장 리뷰 분석 결과 요약

당신의 매장과 경쟁사(라보나쿠치나 수지점)의 리뷰를 비교 분석한 결과입니다.

### 리뷰 현황

- **당신의 매장**: 총 60개 리뷰 중 긍정 53.3%(32개), 중립 43.3%(26개), 부정 3.3%(2개)
- **경쟁사**: 총 60개 리뷰 중 긍정 26.7%(16개), 중립 65%(39개), 부정 8.3%(5개)

당신의 매장이 경쟁사보다 긍정 리뷰 비율이 두 배 가량 높습니다. 이는 고객들이 전반적으로 당신의 매장에 더 만족하고 있다는 의미입니다.

### 강점과 개선점

**강점**:
- 피자와 화덕, 도우에 대한 언급이 많아 이 메뉴들이 인기 있는 것으로 보입니다
- ""가성비""가 긍정 키워드에 포함되어 있어 가격 대비 만족도가 높습니다
- 경쟁사보다 부정적 리뷰가 적어 전반적인 고객 만족도가 높습니다

**개선점**:
- ""고르곤졸라"", ""해산물"", ""고기"" 등이 부정 키워드에 있어 이 메뉴들의 품질 개선이 필요해 보입니다
- ""그냥""이라는 표현이 부정 키워드에 있어 특별함이 부족하다고 느끼는 고객이 있을 수 있습니다

### 매출 향상을 위한 제안

1. **인기 메뉴 강화**: 피자와 화덕 관련 메뉴를 더 강조하고, 홍보 자료에 ""화덕에서 구운 정통 피자""와 같은 문구를 활용하세요.

2. **메뉴 개선**: 고르곤졸라, 해산물 파스타, 리조또 등 부정적으로 언급된 메뉴의 레시피를 재검토하세요.

3. **가성비 마케팅**: ""합리적인 가격의 맛있는 피자""와 같은 메시지로 가성비를 강조하는 마케팅을 진행하세요.

4. **차별화 전략**: ""그냥""이라는 부정 키워드가 있는 것으로 보아, 메뉴나 서비스에 특별한 요소를 추가하여 차별화하세요.

5. **고객 경험 향상**: 경쟁사의 부정 키워드에 ""사장"", ""알바"", ""사람"" 등이 있는 것으로 보아, 친절한 서비스로 차별화할 수 있습니다.

이 분석을 바탕으로 인기 메뉴를 더 강화하고, 개선이 필요한 메뉴를 수정하며, 가성비와 친절한 서비스를 강조한다면 매장의 경쟁력을 더욱 높일 수 있을 것입니다.",라보나쿠치나 수지점,20268176,2025-04-08T05:21:45.190Z,67f46b9f08cf0610dcae546e,10
67f4b5f27149e55c1bfe63f6,"{my_store={review_count=60, average_rating=0.0, sentiment_distribution={positive=50, neutral=10, negative=0}, positive_rate=83.33333333333334, sample_reviews={positive=[{text=2인분인데 점심특선의 코다리찜양이 다른 곳보다 많은 게 장점이네요. 매콤하니 맛도 좋고 성의있는 반찬도 좋네요 양도 많은데 괜히 아가미부분 살 발라먹다가 쿰쿰하고쓴 살 맛에 놀았지만 또 방문 할거예요., rating=0, date=알 수 없음, sentiment=positive, keywords=[인분, 점심, 특선, 코다리, 다른], sentiment_score=2.0, matched_sentiment_words=[좋고, 좋네요]}, {text=매콤한맛에 부드러운 식감의 명태조림 이런맛 처음이예요~반찬에 조합이 진심 최고예요 👍소자 시켰는데 양도 많고 같이 나온 김에 싸먹으니 진짜 맛있더라구요!김 양이 넉넉하다 못해 남을 정도로 아낌없이 퍼주시는 사장님😆같이 나온 콩나물 조림 양념에 버무려 김에 같이 올려먹음 존맛입니다 점심때 저렴히 먹을수있다니 점심때 또 먹으러 갈께요!더보기, rating=0, date=알 수 없음, sentiment=positive, keywords=[매콤, 식감, 명태, 조림, 처음], sentiment_score=4.0, matched_sentiment_words=[존맛, 진짜, 넉넉하다, 최고, 맛있더라구요]}, {text=집 근처에 맛있는 명태조림집이 있다길래 갔어요~ 점심특선은 인당 12,000원인데 양도 많고 가성비 좋아요! 밑반찬도 하나하나 다 맛있네요. 명태조림 보통맛으로 시켰는데도 살짝 매콤하니 맛있었어요~ 완도 김에 싸먹으면 완전 밥도둑❣️ 사장님도 친절하시고 매장 진~짜 깔끔하네요 🫶🏻, rating=0, date=알 수 없음, sentiment=positive, keywords=[근처, 명태, 조림, 점심, 특선], sentiment_score=6.0, matched_sentiment_words=[짜, 맛있네요, 친절하시고, 맛있는, 완전, 깔끔하네요, 좋아요, 맛있었어요]}, {text=코다리찜보다 맛있는 명태조림!!!양념이 맛있게 매워서 밥이 끊임없이 들어갑니다 ㅎㅎ 명태 살도 정말 실하고 쫄깃 쫄깃 맛있습니다!다음에 또 생각날 것 같은 맛이에요!맛있게 잘 먹었습니다~ 번창하세요 ʕ”̮ॽुෆ⃛더보기, rating=0, date=알 수 없음, sentiment=positive, keywords=[코다리, 명태, 조림, 양념, 쫄깃], sentiment_score=7.0, matched_sentiment_words=[맛있습니다, 맛있는, 맛있게, 정말, 쫄깃]}, {text=제가 개인적으로 좋아하는 음식 중에 하나가 코다리찜인데코다리찜보다 더 맛있게 먹고 온 착한명태조리고의 매콤 명태조림입니다. 양념이 진하고 꾸덕하고 크고 두툼한 명태조림이 은근하게 매워서 자꾸만 입맛 당기더라구요. 밥도둑 매콤명태조림 양념에 우동사리 넣어서 든든하게 즐기고 완도 돌김에 큼직한 명태조림 넣고 콩나물 곁들여 먹어도 맛있게 즐길 수 있었습니다. 함께 나오는 고추 하나 넣어 먹으면 더 매콤하고 깔끔하게 즐길 수 있었어요. 안쪽 살짝 분리된 자리에는 가족모임 해도 좋을 거 같고 여자들은 명태조림 이런 음식 좋아하니깐 친구나 맘들 모임할때 함께 먹으러 와도 좋을 거 같더라구요.더보기, rating=0, date=알 수 없음, sentiment=positive, keywords=[개인, 음식, 하나, 코다리, 명태], sentiment_score=7.0, matched_sentiment_words=[좋아하니깐, 맛있게, 좋아하는, 좋을, 깔끔하게]}], negative=[]}}, competitor={name=순남시래기 역삼점, review_count=60, average_rating=2.7, sentiment_distribution={positive=22, neutral=35, negative=3}, positive_rate=36.666666666666664, sample_reviews={positive=[{text=꼬막무침 1인분인데 양도 많거니와, 맛도 정말 맛나요~~!!♡♡사장님도 친절하시구요싹싹 다 먹고왔네요, rating=0, date=알 수 없음, sentiment=positive, keywords=[꼬막, 인분, 양도, 사장, 싹싹], sentiment_score=2.0, matched_sentiment_words=[정말, 친절하시구요]}, {text=점심시간에 갔는데 직장인들이 많아 순환율도 빠르고 시래기국도 금방 나왔습니다. 셀프반찬도 다양하고 잡채, 떡볶기,김치 등 모두 다 맛있었습니다, rating=0, date=알 수 없음, sentiment=positive, keywords=[점심시간, 직장인, 환율, 시래기, 국도], sentiment_score=3.0, matched_sentiment_words=[다양하고, 빠르고, 맛있었습니다]}, {text=제가 이용한 순남시래기 중 가장 큰 것 같아요. 외국인 가족도 맛있게 먹었습니다. 녹두전은 처음 먹어봤는데 식감과 맛 모두 최고에요., rating=0, date=알 수 없음, sentiment=positive, keywords=[이용, 시래기, 가장, 외국인, 가족], sentiment_score=2.0, matched_sentiment_words=[맛있게, 최고]}, {text=시래기 맛집인데 묵 비빔밥 먹었네요.국도 나오고 반찬이 셀프인데 잡채, 떡볶이 등도 나오고 좋아요다 맛있어요^^더보기, rating=0, date=알 수 없음, sentiment=positive, keywords=[시래기, 맛집, 비빔밥, 국도, 반찬], sentiment_score=2.0, matched_sentiment_words=[좋아요, 맛있어요]}, {text=여기 맛집인정가격도 좋고 반찬이랑 보쌈 다 맛있음입에서 고기가 녹아요ㅎㅎ또 방문예정ㅎㅎ더보기, rating=0, date=알 수 없음, sentiment=positive, keywords=[맛집, 인정, 가격, 반찬, 보쌈], sentiment_score=2.0, matched_sentiment_words=[좋고, 맛있음]}], negative=[{text=시래기국 자체는 그냥그랬는데 반찬이 잡채.도토리묵. 떡볶이를 직접 가져다먹는 집이에요., rating=0, date=알 수 없음, sentiment=negative, keywords=[시래기, 자체, 그냥, 반찬, 잡채], sentiment_score=-1.0, matched_sentiment_words=[그냥]}, {text=무엇보다 반찬이 맘에들어요~셀프바도있는데떡볶이 더 먹고싶었는데 다 떨어졌는지.. 없어가꼬 ㅜ, rating=0, date=알 수 없음, sentiment=negative, keywords=[반찬, 셀프, 떡볶이], sentiment_score=-1.0, matched_sentiment_words=[떨어졌는지]}, {text=다른 매장보다 뷔페 종류가 적고 맛이 별로, rating=0, date=알 수 없음, sentiment=negative, keywords=[다른, 매장, 뷔페, 종류, 별로], sentiment_score=-2.0, matched_sentiment_words=[별로, 적고]}]}}, word_cloud_comparison={my_store={positive_words={명태=58, 조림=34, 양념=26, 매콤=22, 보기=19, 사장=18, 점심=11, 맛집=11, 반찬=10, 최고=10, 코다리=9, 양도=9, 하나=9, 도둑=9, 방문=8, 콩나물=7, 자주=7, 직원=7, 특선=6, 매장=6, 음식=6, 조리=6, 가격=6, 공기=6, 밑반찬=5, 쫄깃=5, 부모님=5, 육즙=5, 정도=4, 입맛=4, 주문=4, 단골=4, 계란찜=4, 항상=4, 가게=4, 발라=3, 처음=3, 조합=3, 근처=3, 보통=3, 완도=3, 번창=3, 친구=3, 메뉴=3, 손님=3, 살이=3, 튀김=3, 공기밥=3, 무조건=3, 포장=3}, negative_words={}}, competitor={positive_words={반찬=13, 시래기=11, 셀프=9, 떡볶이=7, 국도=5, 보기=5, 잡채=4, 모두=3, 밑반찬=3, 막걸리=3, 양도=2, 사장=2, 이용=2, 최고=2, 맛집=2, 가격=2, 고기=2, 방문=2, 일반=2, 곱창=2, 샐러드=2, 수육=2, 음식=2, 꼬막=1, 인분=1, 싹싹=1, 점심시간=1, 직장인=1, 환율=1, 금방=1, 떡볶기=1, 김치=1, 가장=1, 외국인=1, 가족=1, 녹두=1, 처음=1, 식감=1, 비빔밥=1, 인정=1, 보쌈=1, 예정=1, 가면=1, 등등=1, 가성=1, 자주=1, 점심=1, 모주=1, 추가=1, 더욱=1}, negative_words={반찬=2, 떡볶이=2, 시래기=1, 자체=1, 그냥=1, 잡채=1, 도토리묵=1, 직접=1, 셀프=1, 다른=1, 매장=1, 뷔페=1, 종류=1, 별로=1}}}}","리뷰 분석 결과를 보면 귀하의 매장은 경쟁사보다 훨씬 좋은 평가를 받고 있습니다.

**고객 만족도 비교**
- 귀하의 매장: 긍정 리뷰 83.3% (60개 중 50개가 긍정적)
- 경쟁사(순남시래기): 긍정 리뷰 36.7% (60개 중 22개만 긍정적)

**인기 메뉴와 강점**
귀하의 매장은 '명태 조림'과 '매콤한 양념'이 특히 호평을 받고 있습니다. 고객들이 '맛집', '최고'라는 표현을 자주 사용하는 것으로 보아 음식 맛에 대한 만족도가 높습니다.

**경쟁사와의 차별점**
경쟁사는 '셀프' 서비스 방식과 '반찬', '시래기' 관련 언급이 많지만, 이것들이 긍정적으로도, 부정적으로도 언급되고 있어 고객 의견이 엇갈리는 것으로 보입니다.

**개선 가능성**
1. 귀하의 매장은 부정적 키워드가 없어 전반적으로 만족도가 높지만, 경쟁사에만 있는 긍정 키워드인 '국도', '수육' 등의 메뉴를 참고해 메뉴 다양성을 높이는 것을 고려해볼 수 있습니다.

2. 경쟁사의 '셀프' 서비스는 부정적 키워드로도 언급되므로, 귀하의 매장은 계속해서 좋은 서비스를 유지하는 것이 중요합니다.

**마케팅 전략 제안**
1. ""명태 조림 맛집""이라는 이미지를 더욱 강화하는 홍보 전략을 펼치세요.
2. 고객들이 '사장'을 긍정적으로 언급한다는 점에서 사장님의 친절함이나 전문성이 강점으로 보입니다. 이를 마케팅에 활용하세요.
3. '점심' 키워드가 자주 언급되므로 점심 특선 메뉴나 할인 이벤트를 고려해보세요.

귀하의 매장은 이미 좋은 평가를 받고 있으니, 현재의 강점을 유지하면서 경쟁사와 차별화된 서비스와 메뉴를 계속 발전시켜 나가시길 바랍니다.",순남시래기 역삼점,32618401,2025-04-08T05:36:50.756Z,67f4ac608c8f6d0db0be7f6d,1
